<?xml version="1.0" encoding="UTF-8"?>
<beans xmlns="http://www.springframework.org/schema/beans"
	xmlns:xsi="http://www.w3.org/2001/XMLSchema-instance"
	xmlns:context="http://www.springframework.org/schema/context"
	xsi:schemaLocation="http://www.springframework.org/schema/beans http://www.springframework.org/schema/beans/spring-beans.xsd
		http://www.springframework.org/schema/context http://www.springframework.org/schema/context/spring-context-3.1.xsd">

<context:property-placeholder location="classpath:data/db.properties"/>

<bean id="dbcp" class="org.apache.commons.dbcp.BasicDataSource">
	<property name="driverClassName" value="${db.driver}"/>
	<property name="url" value="${db.url}"/>
	<property name="username" value="${db.username}"/>
	<property name="password" value="${db.password}"/>
</bean>

<bean id="factory" class="org.mybatis.spring.SqlSessionFactoryBean">
	<property name="dataSource" ref="dbcp"/>
	<property name="mapperLocations" value="classpath:sqlmap/*-mapper.xml"/>
</bean>

<bean class="org.mybatis.spring.SqlSessionTemplate">
	<constructor-arg name="sqlSessionFactory" ref="factory"/>
</bean>

<bean id="multipartResolver" class="org.springframework.web.multipart.commons.CommonsMultipartResolver">
	<property name="defaultEncoding" value ="utf-8"></property>
</bean>

</beans>